{"flutter":{"platforms":{"android":{"default":{"projectId":"literasime-b86cf","appId":"1:207292100875:android:c5ecc57131f04d7f47720e","fileOutput":"android/app/google-services.json"}},"dart":{"lib/firebase_options.dart":{"projectId":"literasime-b86cf","configurations":{"android":"1:207292100875:android:c5ecc57131f04d7f47720e","ios":"1:207292100875:ios:f6bf64bbb75da5ea47720e","macos":"1:207292100875:ios:f6bf64bbb75da5ea47720e","web":"1:207292100875:web:997cbade9b75f92547720e","windows":"1:207292100875:web:c5cfea6887af013b47720e"}}}}}}